<beans xmlns="http://www.springframework.org/schema/beans"
	xmlns:xsi="http://www.w3.org/2001/XMLSchema-instance"
	xmlns:context="http://www.springframework.org/schema/context"
	xsi:schemaLocation="http://www.springframework.org/schema/beans
    http://www.springframework.org/schema/beans/spring-beans-3.0.xsd
    http://www.springframework.org/schema/context
    http://www.springframework.org/schema/context/spring-context-3.0.xsd">

	<bean class="com.nec.demo.Employee" id="emp" autowire="byType">
		<property name="empId" value="123"></property>
		<property name="empName" value="suresh"></property>
		<property name="empSal" value="50000"></property>
		<property name="empDesg" value="developer"></property>
		<!-- <property name="address" ref="add"></property> -->
	</bean>
	<bean class="com.nec.demo.Address" id="add">
		<property name="hno" value="43"></property>
		<property name="colony" value="rbi colony"></property>
		<property name="city" value="hyderabad"></property>
		<property name="pincode" value="500074"></property>

	</bean>

</beans>   