<beans xmlns="http://www.springframework.org/schema/beans"
	xmlns:xsi="http://www.w3.org/2001/XMLSchema-instance"
	xmlns:context="http://www.springframework.org/schema/context"
	xsi:schemaLocation="http://www.springframework.org/schema/beans
    http://www.springframework.org/schema/beans/spring-beans-3.0.xsd
    http://www.springframework.org/schema/context
    http://www.springframework.org/schema/context/spring-context-3.0.xsd">

	<bean id="emp" class="com.nec.springcore.Employee" autowire="constructor">
		<constructor-arg name="empId" value="111"></constructor-arg>
		<constructor-arg name="empName" value="suresh"></constructor-arg>
		<constructor-arg name="empSal" value="23000"></constructor-arg>
		<constructor-arg name="empDesg" value="developer"></constructor-arg>
		<!-- <constructor-arg name="address" ref="add"></constructor-arg> -->
	</bean>
	<bean id="add" class="com.nec.springcore.Address">
		<constructor-arg name="hno" value="21"></constructor-arg>
		<constructor-arg name="colony" value="rbicolony"></constructor-arg>
		<constructor-arg name="pincode" value="90000"></constructor-arg>
		<constructor-arg name="city" value="hyderabad"></constructor-arg>
	</bean>


</beans>